--
-- PostgreSQL database dump
--

-- Dumped from database version 17.4
-- Dumped by pg_dump version 17.4

-- Started on 2025-04-18 20:42:11

SET statement_timeout = 0;
SET lock_timeout = 0;
SET idle_in_transaction_session_timeout = 0;
SET transaction_timeout = 0;
SET client_encoding = 'UTF8';
SET standard_conforming_strings = on;
SELECT pg_catalog.set_config('search_path', '', false);
SET check_function_bodies = false;
SET xmloption = content;
SET client_min_messages = warning;
SET row_security = off;

SET default_tablespace = '';

SET default_table_access_method = heap;

--
-- TOC entry 224 (class 1259 OID 16421)
-- Name: auth_group; Type: TABLE; Schema: public; Owner: postgres
--

CREATE TABLE public.auth_group (
    id integer NOT NULL,
    name character varying(150) NOT NULL
);


ALTER TABLE public.auth_group OWNER TO postgres;

--
-- TOC entry 223 (class 1259 OID 16420)
-- Name: auth_group_id_seq; Type: SEQUENCE; Schema: public; Owner: postgres
--

ALTER TABLE public.auth_group ALTER COLUMN id ADD GENERATED BY DEFAULT AS IDENTITY (
    SEQUENCE NAME public.auth_group_id_seq
    START WITH 1
    INCREMENT BY 1
    NO MINVALUE
    NO MAXVALUE
    CACHE 1
);


--
-- TOC entry 226 (class 1259 OID 16429)
-- Name: auth_group_permissions; Type: TABLE; Schema: public; Owner: postgres
--

CREATE TABLE public.auth_group_permissions (
    id bigint NOT NULL,
    group_id integer NOT NULL,
    permission_id integer NOT NULL
);


ALTER TABLE public.auth_group_permissions OWNER TO postgres;

--
-- TOC entry 225 (class 1259 OID 16428)
-- Name: auth_group_permissions_id_seq; Type: SEQUENCE; Schema: public; Owner: postgres
--

ALTER TABLE public.auth_group_permissions ALTER COLUMN id ADD GENERATED BY DEFAULT AS IDENTITY (
    SEQUENCE NAME public.auth_group_permissions_id_seq
    START WITH 1
    INCREMENT BY 1
    NO MINVALUE
    NO MAXVALUE
    CACHE 1
);


--
-- TOC entry 222 (class 1259 OID 16415)
-- Name: auth_permission; Type: TABLE; Schema: public; Owner: postgres
--

CREATE TABLE public.auth_permission (
    id integer NOT NULL,
    name character varying(255) NOT NULL,
    content_type_id integer NOT NULL,
    codename character varying(100) NOT NULL
);


ALTER TABLE public.auth_permission OWNER TO postgres;

--
-- TOC entry 221 (class 1259 OID 16414)
-- Name: auth_permission_id_seq; Type: SEQUENCE; Schema: public; Owner: postgres
--

ALTER TABLE public.auth_permission ALTER COLUMN id ADD GENERATED BY DEFAULT AS IDENTITY (
    SEQUENCE NAME public.auth_permission_id_seq
    START WITH 1
    INCREMENT BY 1
    NO MINVALUE
    NO MAXVALUE
    CACHE 1
);


--
-- TOC entry 228 (class 1259 OID 16435)
-- Name: auth_user; Type: TABLE; Schema: public; Owner: postgres
--

CREATE TABLE public.auth_user (
    id integer NOT NULL,
    password character varying(128) NOT NULL,
    last_login timestamp with time zone,
    is_superuser boolean NOT NULL,
    username character varying(150) NOT NULL,
    first_name character varying(150) NOT NULL,
    last_name character varying(150) NOT NULL,
    email character varying(254) NOT NULL,
    is_staff boolean NOT NULL,
    is_active boolean NOT NULL,
    date_joined timestamp with time zone NOT NULL
);


ALTER TABLE public.auth_user OWNER TO postgres;

--
-- TOC entry 230 (class 1259 OID 16443)
-- Name: auth_user_groups; Type: TABLE; Schema: public; Owner: postgres
--

CREATE TABLE public.auth_user_groups (
    id bigint NOT NULL,
    user_id integer NOT NULL,
    group_id integer NOT NULL
);


ALTER TABLE public.auth_user_groups OWNER TO postgres;

--
-- TOC entry 229 (class 1259 OID 16442)
-- Name: auth_user_groups_id_seq; Type: SEQUENCE; Schema: public; Owner: postgres
--

ALTER TABLE public.auth_user_groups ALTER COLUMN id ADD GENERATED BY DEFAULT AS IDENTITY (
    SEQUENCE NAME public.auth_user_groups_id_seq
    START WITH 1
    INCREMENT BY 1
    NO MINVALUE
    NO MAXVALUE
    CACHE 1
);


--
-- TOC entry 227 (class 1259 OID 16434)
-- Name: auth_user_id_seq; Type: SEQUENCE; Schema: public; Owner: postgres
--

ALTER TABLE public.auth_user ALTER COLUMN id ADD GENERATED BY DEFAULT AS IDENTITY (
    SEQUENCE NAME public.auth_user_id_seq
    START WITH 1
    INCREMENT BY 1
    NO MINVALUE
    NO MAXVALUE
    CACHE 1
);


--
-- TOC entry 232 (class 1259 OID 16449)
-- Name: auth_user_user_permissions; Type: TABLE; Schema: public; Owner: postgres
--

CREATE TABLE public.auth_user_user_permissions (
    id bigint NOT NULL,
    user_id integer NOT NULL,
    permission_id integer NOT NULL
);


ALTER TABLE public.auth_user_user_permissions OWNER TO postgres;

--
-- TOC entry 231 (class 1259 OID 16448)
-- Name: auth_user_user_permissions_id_seq; Type: SEQUENCE; Schema: public; Owner: postgres
--

ALTER TABLE public.auth_user_user_permissions ALTER COLUMN id ADD GENERATED BY DEFAULT AS IDENTITY (
    SEQUENCE NAME public.auth_user_user_permissions_id_seq
    START WITH 1
    INCREMENT BY 1
    NO MINVALUE
    NO MAXVALUE
    CACHE 1
);


--
-- TOC entry 247 (class 1259 OID 16617)
-- Name: cart_cartitem; Type: TABLE; Schema: public; Owner: postgres
--

CREATE TABLE public.cart_cartitem (
    id bigint NOT NULL,
    quantity integer NOT NULL,
    furniture_id bigint NOT NULL,
    user_id integer NOT NULL,
    CONSTRAINT cart_cartitem_quantity_check CHECK ((quantity >= 0))
);


ALTER TABLE public.cart_cartitem OWNER TO postgres;

--
-- TOC entry 246 (class 1259 OID 16616)
-- Name: cart_cartitem_id_seq; Type: SEQUENCE; Schema: public; Owner: postgres
--

ALTER TABLE public.cart_cartitem ALTER COLUMN id ADD GENERATED BY DEFAULT AS IDENTITY (
    SEQUENCE NAME public.cart_cartitem_id_seq
    START WITH 1
    INCREMENT BY 1
    NO MINVALUE
    NO MAXVALUE
    CACHE 1
);


--
-- TOC entry 234 (class 1259 OID 16507)
-- Name: django_admin_log; Type: TABLE; Schema: public; Owner: postgres
--

CREATE TABLE public.django_admin_log (
    id integer NOT NULL,
    action_time timestamp with time zone NOT NULL,
    object_id text,
    object_repr character varying(200) NOT NULL,
    action_flag smallint NOT NULL,
    change_message text NOT NULL,
    content_type_id integer,
    user_id integer NOT NULL,
    CONSTRAINT django_admin_log_action_flag_check CHECK ((action_flag >= 0))
);


ALTER TABLE public.django_admin_log OWNER TO postgres;

--
-- TOC entry 233 (class 1259 OID 16506)
-- Name: django_admin_log_id_seq; Type: SEQUENCE; Schema: public; Owner: postgres
--

ALTER TABLE public.django_admin_log ALTER COLUMN id ADD GENERATED BY DEFAULT AS IDENTITY (
    SEQUENCE NAME public.django_admin_log_id_seq
    START WITH 1
    INCREMENT BY 1
    NO MINVALUE
    NO MAXVALUE
    CACHE 1
);


--
-- TOC entry 220 (class 1259 OID 16407)
-- Name: django_content_type; Type: TABLE; Schema: public; Owner: postgres
--

CREATE TABLE public.django_content_type (
    id integer NOT NULL,
    app_label character varying(100) NOT NULL,
    model character varying(100) NOT NULL
);


ALTER TABLE public.django_content_type OWNER TO postgres;

--
-- TOC entry 219 (class 1259 OID 16406)
-- Name: django_content_type_id_seq; Type: SEQUENCE; Schema: public; Owner: postgres
--

ALTER TABLE public.django_content_type ALTER COLUMN id ADD GENERATED BY DEFAULT AS IDENTITY (
    SEQUENCE NAME public.django_content_type_id_seq
    START WITH 1
    INCREMENT BY 1
    NO MINVALUE
    NO MAXVALUE
    CACHE 1
);


--
-- TOC entry 218 (class 1259 OID 16399)
-- Name: django_migrations; Type: TABLE; Schema: public; Owner: postgres
--

CREATE TABLE public.django_migrations (
    id bigint NOT NULL,
    app character varying(255) NOT NULL,
    name character varying(255) NOT NULL,
    applied timestamp with time zone NOT NULL
);


ALTER TABLE public.django_migrations OWNER TO postgres;

--
-- TOC entry 217 (class 1259 OID 16398)
-- Name: django_migrations_id_seq; Type: SEQUENCE; Schema: public; Owner: postgres
--

ALTER TABLE public.django_migrations ALTER COLUMN id ADD GENERATED BY DEFAULT AS IDENTITY (
    SEQUENCE NAME public.django_migrations_id_seq
    START WITH 1
    INCREMENT BY 1
    NO MINVALUE
    NO MAXVALUE
    CACHE 1
);


--
-- TOC entry 235 (class 1259 OID 16535)
-- Name: django_session; Type: TABLE; Schema: public; Owner: postgres
--

CREATE TABLE public.django_session (
    session_key character varying(40) NOT NULL,
    session_data text NOT NULL,
    expire_date timestamp with time zone NOT NULL
);


ALTER TABLE public.django_session OWNER TO postgres;

--
-- TOC entry 237 (class 1259 OID 16545)
-- Name: furniture_category; Type: TABLE; Schema: public; Owner: postgres
--

CREATE TABLE public.furniture_category (
    id bigint NOT NULL,
    name character varying(100) NOT NULL
);


ALTER TABLE public.furniture_category OWNER TO postgres;

--
-- TOC entry 236 (class 1259 OID 16544)
-- Name: furniture_category_id_seq; Type: SEQUENCE; Schema: public; Owner: postgres
--

ALTER TABLE public.furniture_category ALTER COLUMN id ADD GENERATED BY DEFAULT AS IDENTITY (
    SEQUENCE NAME public.furniture_category_id_seq
    START WITH 1
    INCREMENT BY 1
    NO MINVALUE
    NO MAXVALUE
    CACHE 1
);


--
-- TOC entry 239 (class 1259 OID 16551)
-- Name: furniture_furniture; Type: TABLE; Schema: public; Owner: postgres
--

CREATE TABLE public.furniture_furniture (
    id bigint NOT NULL,
    name character varying(200) NOT NULL,
    description text NOT NULL,
    price numeric(10,2) NOT NULL,
    image character varying(100),
    stock integer NOT NULL,
    category_id bigint NOT NULL
);


ALTER TABLE public.furniture_furniture OWNER TO postgres;

--
-- TOC entry 238 (class 1259 OID 16550)
-- Name: furniture_furniture_id_seq; Type: SEQUENCE; Schema: public; Owner: postgres
--

ALTER TABLE public.furniture_furniture ALTER COLUMN id ADD GENERATED BY DEFAULT AS IDENTITY (
    SEQUENCE NAME public.furniture_furniture_id_seq
    START WITH 1
    INCREMENT BY 1
    NO MINVALUE
    NO MAXVALUE
    CACHE 1
);


--
-- TOC entry 249 (class 1259 OID 16636)
-- Name: orders_order; Type: TABLE; Schema: public; Owner: postgres
--

CREATE TABLE public.orders_order (
    id bigint NOT NULL,
    order_date timestamp with time zone NOT NULL,
    total_amount numeric(10,2) NOT NULL,
    shipping_address text NOT NULL,
    payment_method character varying(100) NOT NULL,
    payment_status character varying(50) NOT NULL,
    status character varying(50) NOT NULL,
    user_id integer NOT NULL
);


ALTER TABLE public.orders_order OWNER TO postgres;

--
-- TOC entry 248 (class 1259 OID 16635)
-- Name: orders_order_id_seq; Type: SEQUENCE; Schema: public; Owner: postgres
--

ALTER TABLE public.orders_order ALTER COLUMN id ADD GENERATED BY DEFAULT AS IDENTITY (
    SEQUENCE NAME public.orders_order_id_seq
    START WITH 1
    INCREMENT BY 1
    NO MINVALUE
    NO MAXVALUE
    CACHE 1
);


--
-- TOC entry 251 (class 1259 OID 16644)
-- Name: orders_orderitem; Type: TABLE; Schema: public; Owner: postgres
--

CREATE TABLE public.orders_orderitem (
    id bigint NOT NULL,
    quantity integer NOT NULL,
    price_at_purchase numeric(10,2) NOT NULL,
    furniture_id bigint NOT NULL,
    order_id bigint NOT NULL,
    CONSTRAINT orders_orderitem_quantity_check CHECK ((quantity >= 0))
);


ALTER TABLE public.orders_orderitem OWNER TO postgres;

--
-- TOC entry 250 (class 1259 OID 16643)
-- Name: orders_orderitem_id_seq; Type: SEQUENCE; Schema: public; Owner: postgres
--

ALTER TABLE public.orders_orderitem ALTER COLUMN id ADD GENERATED BY DEFAULT AS IDENTITY (
    SEQUENCE NAME public.orders_orderitem_id_seq
    START WITH 1
    INCREMENT BY 1
    NO MINVALUE
    NO MAXVALUE
    CACHE 1
);


--
-- TOC entry 241 (class 1259 OID 16565)
-- Name: users_customuser; Type: TABLE; Schema: public; Owner: postgres
--

CREATE TABLE public.users_customuser (
    id bigint NOT NULL,
    password character varying(128) NOT NULL,
    last_login timestamp with time zone,
    is_superuser boolean NOT NULL,
    username character varying(150) NOT NULL,
    first_name character varying(150) NOT NULL,
    last_name character varying(150) NOT NULL,
    email character varying(254) NOT NULL,
    is_staff boolean NOT NULL,
    is_active boolean NOT NULL,
    date_joined timestamp with time zone NOT NULL,
    address character varying(255),
    phone_number character varying(20)
);


ALTER TABLE public.users_customuser OWNER TO postgres;

--
-- TOC entry 243 (class 1259 OID 16575)
-- Name: users_customuser_groups; Type: TABLE; Schema: public; Owner: postgres
--

CREATE TABLE public.users_customuser_groups (
    id bigint NOT NULL,
    customuser_id bigint NOT NULL,
    group_id integer NOT NULL
);


ALTER TABLE public.users_customuser_groups OWNER TO postgres;

--
-- TOC entry 242 (class 1259 OID 16574)
-- Name: users_customuser_groups_id_seq; Type: SEQUENCE; Schema: public; Owner: postgres
--

ALTER TABLE public.users_customuser_groups ALTER COLUMN id ADD GENERATED BY DEFAULT AS IDENTITY (
    SEQUENCE NAME public.users_customuser_groups_id_seq
    START WITH 1
    INCREMENT BY 1
    NO MINVALUE
    NO MAXVALUE
    CACHE 1
);


--
-- TOC entry 240 (class 1259 OID 16564)
-- Name: users_customuser_id_seq; Type: SEQUENCE; Schema: public; Owner: postgres
--

ALTER TABLE public.users_customuser ALTER COLUMN id ADD GENERATED BY DEFAULT AS IDENTITY (
    SEQUENCE NAME public.users_customuser_id_seq
    START WITH 1
    INCREMENT BY 1
    NO MINVALUE
    NO MAXVALUE
    CACHE 1
);


--
-- TOC entry 245 (class 1259 OID 16581)
-- Name: users_customuser_user_permissions; Type: TABLE; Schema: public; Owner: postgres
--

CREATE TABLE public.users_customuser_user_permissions (
    id bigint NOT NULL,
    customuser_id bigint NOT NULL,
    permission_id integer NOT NULL
);


ALTER TABLE public.users_customuser_user_permissions OWNER TO postgres;

--
-- TOC entry 244 (class 1259 OID 16580)
-- Name: users_customuser_user_permissions_id_seq; Type: SEQUENCE; Schema: public; Owner: postgres
--

ALTER TABLE public.users_customuser_user_permissions ALTER COLUMN id ADD GENERATED BY DEFAULT AS IDENTITY (
    SEQUENCE NAME public.users_customuser_user_permissions_id_seq
    START WITH 1
    INCREMENT BY 1
    NO MINVALUE
    NO MAXVALUE
    CACHE 1
);


--
-- TOC entry 253 (class 1259 OID 16669)
-- Name: users_userprofile; Type: TABLE; Schema: public; Owner: postgres
--

CREATE TABLE public.users_userprofile (
    id bigint NOT NULL,
    address character varying(255),
    phone_number character varying(20),
    user_id integer NOT NULL
);


ALTER TABLE public.users_userprofile OWNER TO postgres;

--
-- TOC entry 252 (class 1259 OID 16668)
-- Name: users_userprofile_id_seq; Type: SEQUENCE; Schema: public; Owner: postgres
--

ALTER TABLE public.users_userprofile ALTER COLUMN id ADD GENERATED BY DEFAULT AS IDENTITY (
    SEQUENCE NAME public.users_userprofile_id_seq
    START WITH 1
    INCREMENT BY 1
    NO MINVALUE
    NO MAXVALUE
    CACHE 1
);


--
-- TOC entry 4989 (class 0 OID 16421)
-- Dependencies: 224
-- Data for Name: auth_group; Type: TABLE DATA; Schema: public; Owner: postgres
--



--
-- TOC entry 4991 (class 0 OID 16429)
-- Dependencies: 226
-- Data for Name: auth_group_permissions; Type: TABLE DATA; Schema: public; Owner: postgres
--



--
-- TOC entry 4987 (class 0 OID 16415)
-- Dependencies: 222
-- Data for Name: auth_permission; Type: TABLE DATA; Schema: public; Owner: postgres
--

INSERT INTO public.auth_permission VALUES (1, 'Can add log entry', 1, 'add_logentry');
INSERT INTO public.auth_permission VALUES (2, 'Can change log entry', 1, 'change_logentry');
INSERT INTO public.auth_permission VALUES (3, 'Can delete log entry', 1, 'delete_logentry');
INSERT INTO public.auth_permission VALUES (4, 'Can view log entry', 1, 'view_logentry');
INSERT INTO public.auth_permission VALUES (5, 'Can add permission', 2, 'add_permission');
INSERT INTO public.auth_permission VALUES (6, 'Can change permission', 2, 'change_permission');
INSERT INTO public.auth_permission VALUES (7, 'Can delete permission', 2, 'delete_permission');
INSERT INTO public.auth_permission VALUES (8, 'Can view permission', 2, 'view_permission');
INSERT INTO public.auth_permission VALUES (9, 'Can add group', 3, 'add_group');
INSERT INTO public.auth_permission VALUES (10, 'Can change group', 3, 'change_group');
INSERT INTO public.auth_permission VALUES (11, 'Can delete group', 3, 'delete_group');
INSERT INTO public.auth_permission VALUES (12, 'Can view group', 3, 'view_group');
INSERT INTO public.auth_permission VALUES (13, 'Can add user', 4, 'add_user');
INSERT INTO public.auth_permission VALUES (14, 'Can change user', 4, 'change_user');
INSERT INTO public.auth_permission VALUES (15, 'Can delete user', 4, 'delete_user');
INSERT INTO public.auth_permission VALUES (16, 'Can view user', 4, 'view_user');
INSERT INTO public.auth_permission VALUES (17, 'Can add content type', 5, 'add_contenttype');
INSERT INTO public.auth_permission VALUES (18, 'Can change content type', 5, 'change_contenttype');
INSERT INTO public.auth_permission VALUES (19, 'Can delete content type', 5, 'delete_contenttype');
INSERT INTO public.auth_permission VALUES (20, 'Can view content type', 5, 'view_contenttype');
INSERT INTO public.auth_permission VALUES (21, 'Can add session', 6, 'add_session');
INSERT INTO public.auth_permission VALUES (22, 'Can change session', 6, 'change_session');
INSERT INTO public.auth_permission VALUES (23, 'Can delete session', 6, 'delete_session');
INSERT INTO public.auth_permission VALUES (24, 'Can view session', 6, 'view_session');
INSERT INTO public.auth_permission VALUES (25, 'Can add category', 7, 'add_category');
INSERT INTO public.auth_permission VALUES (26, 'Can change category', 7, 'change_category');
INSERT INTO public.auth_permission VALUES (27, 'Can delete category', 7, 'delete_category');
INSERT INTO public.auth_permission VALUES (28, 'Can view category', 7, 'view_category');
INSERT INTO public.auth_permission VALUES (29, 'Can add furniture', 8, 'add_furniture');
INSERT INTO public.auth_permission VALUES (30, 'Can change furniture', 8, 'change_furniture');
INSERT INTO public.auth_permission VALUES (31, 'Can delete furniture', 8, 'delete_furniture');
INSERT INTO public.auth_permission VALUES (32, 'Can view furniture', 8, 'view_furniture');
INSERT INTO public.auth_permission VALUES (33, 'Can add user', 9, 'add_customuser');
INSERT INTO public.auth_permission VALUES (34, 'Can change user', 9, 'change_customuser');
INSERT INTO public.auth_permission VALUES (35, 'Can delete user', 9, 'delete_customuser');
INSERT INTO public.auth_permission VALUES (36, 'Can view user', 9, 'view_customuser');
INSERT INTO public.auth_permission VALUES (37, 'Can add cart item', 10, 'add_cartitem');
INSERT INTO public.auth_permission VALUES (38, 'Can change cart item', 10, 'change_cartitem');
INSERT INTO public.auth_permission VALUES (39, 'Can delete cart item', 10, 'delete_cartitem');
INSERT INTO public.auth_permission VALUES (40, 'Can view cart item', 10, 'view_cartitem');
INSERT INTO public.auth_permission VALUES (41, 'Can add order item', 11, 'add_orderitem');
INSERT INTO public.auth_permission VALUES (42, 'Can change order item', 11, 'change_orderitem');
INSERT INTO public.auth_permission VALUES (43, 'Can delete order item', 11, 'delete_orderitem');
INSERT INTO public.auth_permission VALUES (44, 'Can view order item', 11, 'view_orderitem');
INSERT INTO public.auth_permission VALUES (45, 'Can add order', 12, 'add_order');
INSERT INTO public.auth_permission VALUES (46, 'Can change order', 12, 'change_order');
INSERT INTO public.auth_permission VALUES (47, 'Can delete order', 12, 'delete_order');
INSERT INTO public.auth_permission VALUES (48, 'Can view order', 12, 'view_order');
INSERT INTO public.auth_permission VALUES (49, 'Can add user profile', 13, 'add_userprofile');
INSERT INTO public.auth_permission VALUES (50, 'Can change user profile', 13, 'change_userprofile');
INSERT INTO public.auth_permission VALUES (51, 'Can delete user profile', 13, 'delete_userprofile');
INSERT INTO public.auth_permission VALUES (52, 'Can view user profile', 13, 'view_userprofile');


--
-- TOC entry 4993 (class 0 OID 16435)
-- Dependencies: 228
-- Data for Name: auth_user; Type: TABLE DATA; Schema: public; Owner: postgres
--

INSERT INTO public.auth_user VALUES (2, 'pbkdf2_sha256$1000000$2bMtHMr8JmzWsKdju9eYUA$LnRlweYgG+h0ZgTfL8mGhY+Divq/RJIHl/AGjpJdLuU=', '2025-04-17 14:00:55.913543-05', false, 'testUser_42', '', '', 'prueba@ejemplo.com', false, true, '2025-04-17 13:35:43.087873-05');
INSERT INTO public.auth_user VALUES (3, 'pbkdf2_sha256$1000000$r7KCuX6m3dufsBuxZylzPZ$ehifZ/Rpt5xiH7qrvotUsfNi5q7RRM3kAj4A/u8jsbQ=', '2025-04-17 15:14:44.912076-05', false, 'testUser_43', '', '', 'prueba@ejemplo2.com', false, true, '2025-04-17 14:11:34.027449-05');
INSERT INTO public.auth_user VALUES (4, 'pbkdf2_sha256$1000000$ULKsEjaYzLAULl7iWeMW61$CrsWC7QcxtrdOxxEpgNB6rsjNqwD1RUggk58qvUnIko=', NULL, false, 'testUser_44', '', '', 'prueba@ejemplo4.com', false, true, '2025-04-17 19:21:35.569776-05');
INSERT INTO public.auth_user VALUES (1, 'pbkdf2_sha256$1000000$b9q5sp25ZX5qs413SxOgR9$czHaJ8tFaLmuDeZNJvpF1dwlQOiekyJIe6oZQbDYHXw=', '2025-04-14 18:13:45-05', true, 'johnny', 'John', 'Estrada', 'furniturestore1987@gmail.com', true, true, '2025-04-13 16:35:13-05');
INSERT INTO public.auth_user VALUES (5, 'pbkdf2_sha256$1000000$g95Yddl83Ti1bgHU2LOoug$OnkSvqDoRgWry3O42laQbrO671SSDkK2T5dGW4Vmq5E=', NULL, false, 'testUser_45', '', '', 'prueba@ejemplo6.com', false, true, '2025-04-18 13:39:19.562335-05');


--
-- TOC entry 4995 (class 0 OID 16443)
-- Dependencies: 230
-- Data for Name: auth_user_groups; Type: TABLE DATA; Schema: public; Owner: postgres
--



--
-- TOC entry 4997 (class 0 OID 16449)
-- Dependencies: 232
-- Data for Name: auth_user_user_permissions; Type: TABLE DATA; Schema: public; Owner: postgres
--



--
-- TOC entry 5012 (class 0 OID 16617)
-- Dependencies: 247
-- Data for Name: cart_cartitem; Type: TABLE DATA; Schema: public; Owner: postgres
--

INSERT INTO public.cart_cartitem VALUES (6, 1, 2, 5);


--
-- TOC entry 4999 (class 0 OID 16507)
-- Dependencies: 234
-- Data for Name: django_admin_log; Type: TABLE DATA; Schema: public; Owner: postgres
--

INSERT INTO public.django_admin_log VALUES (1, '2025-04-18 11:27:13.198909-05', '1', 'Salas', 1, '[{"added": {}}]', 7, 1);
INSERT INTO public.django_admin_log VALUES (2, '2025-04-18 11:27:50.803879-05', '2', 'Alcobas', 1, '[{"added": {}}]', 7, 1);
INSERT INTO public.django_admin_log VALUES (3, '2025-04-18 11:28:10.254992-05', '1', 'Muebles para sala', 2, '[{"changed": {"fields": ["Name"]}}]', 7, 1);
INSERT INTO public.django_admin_log VALUES (4, '2025-04-18 11:29:35.950773-05', '1', 'Muebles para Sala', 2, '[{"changed": {"fields": ["Name"]}}]', 7, 1);
INSERT INTO public.django_admin_log VALUES (5, '2025-04-18 11:30:36.120802-05', '2', 'Muebles para Dormitorio', 2, '[{"changed": {"fields": ["Name"]}}]', 7, 1);
INSERT INTO public.django_admin_log VALUES (6, '2025-04-18 11:31:14.405053-05', '3', 'Muebles para Comedor', 1, '[{"added": {}}]', 7, 1);
INSERT INTO public.django_admin_log VALUES (7, '2025-04-18 11:33:01.473649-05', '4', 'Muebles para Cocina', 1, '[{"added": {}}]', 7, 1);
INSERT INTO public.django_admin_log VALUES (8, '2025-04-18 11:56:15.314806-05', '1', 'Alcoba Breska', 1, '[{"added": {}}]', 8, 1);
INSERT INTO public.django_admin_log VALUES (9, '2025-04-18 13:38:10.53094-05', '1', 'johnny', 2, '[{"changed": {"fields": ["First name", "Last name"]}}]', 4, 1);
INSERT INTO public.django_admin_log VALUES (10, '2025-04-18 14:07:47.085475-05', '1', 'Alcoba Breska', 2, '[{"changed": {"fields": ["Image"]}}]', 8, 1);
INSERT INTO public.django_admin_log VALUES (11, '2025-04-18 14:08:39.063582-05', '1', 'Alcoba Breska', 2, '[{"changed": {"fields": ["Image"]}}]', 8, 1);
INSERT INTO public.django_admin_log VALUES (12, '2025-04-18 14:22:09.822914-05', '1', 'Alcoba Breska', 2, '[{"changed": {"fields": ["Image"]}}]', 8, 1);
INSERT INTO public.django_admin_log VALUES (13, '2025-04-18 14:25:30.42489-05', '1', 'Alcoba Breska', 2, '[{"changed": {"fields": ["Image"]}}]', 8, 1);
INSERT INTO public.django_admin_log VALUES (14, '2025-04-18 16:10:15.873421-05', '2', 'Alcoba Latina', 1, '[{"added": {}}]', 8, 1);
INSERT INTO public.django_admin_log VALUES (15, '2025-04-18 16:11:07.143087-05', '3', 'Alcoba Montreal', 1, '[{"added": {}}]', 8, 1);
INSERT INTO public.django_admin_log VALUES (16, '2025-04-18 16:11:53.649542-05', '4', 'Alcoba Antonella', 1, '[{"added": {}}]', 8, 1);
INSERT INTO public.django_admin_log VALUES (17, '2025-04-18 16:33:54.003071-05', '5', 'Alcoba Laura', 1, '[{"added": {}}]', 8, 1);
INSERT INTO public.django_admin_log VALUES (18, '2025-04-18 16:34:42.532605-05', '6', 'Alcoba Silvana', 1, '[{"added": {}}]', 8, 1);
INSERT INTO public.django_admin_log VALUES (19, '2025-04-18 16:35:26.133286-05', '7', 'Alcoba Reina', 1, '[{"added": {}}]', 8, 1);
INSERT INTO public.django_admin_log VALUES (20, '2025-04-18 16:35:36.076062-05', '1', 'Alcoba Breska', 2, '[{"changed": {"fields": ["Stock"]}}]', 8, 1);
INSERT INTO public.django_admin_log VALUES (21, '2025-04-18 16:36:35.169059-05', '3', 'Alcoba Arizona', 2, '[{"changed": {"fields": ["Name"]}}]', 8, 1);
INSERT INTO public.django_admin_log VALUES (22, '2025-04-18 17:40:16.80152-05', '8', 'Raíz Viva', 1, '[{"added": {}}]', 8, 1);
INSERT INTO public.django_admin_log VALUES (23, '2025-04-18 17:41:00.920413-05', '9', 'Corazón de Roble', 1, '[{"added": {}}]', 8, 1);
INSERT INTO public.django_admin_log VALUES (24, '2025-04-18 17:41:42.593774-05', '10', 'Aroma de Cedro', 1, '[{"added": {}}]', 8, 1);
INSERT INTO public.django_admin_log VALUES (25, '2025-04-18 17:42:54.02856-05', '11', 'Textura Natural', 1, '[{"added": {}}]', 8, 1);
INSERT INTO public.django_admin_log VALUES (26, '2025-04-18 17:46:13.302774-05', '12', 'Línea Pura', 1, '[{"added": {}}]', 8, 1);
INSERT INTO public.django_admin_log VALUES (27, '2025-04-18 17:47:04.9291-05', '13', 'Forma Esencial', 1, '[{"added": {}}]', 8, 1);
INSERT INTO public.django_admin_log VALUES (28, '2025-04-18 17:47:59.339081-05', '14', 'Montreal', 1, '[{"added": {}}]', 8, 1);
INSERT INTO public.django_admin_log VALUES (29, '2025-04-18 17:48:33.106846-05', '15', 'Continental', 1, '[{"added": {}}]', 8, 1);
INSERT INTO public.django_admin_log VALUES (30, '2025-04-18 17:55:05.27556-05', '16', 'Venecia', 1, '[{"added": {}}]', 8, 1);
INSERT INTO public.django_admin_log VALUES (31, '2025-04-18 17:56:01.566356-05', '17', 'Roma', 1, '[{"added": {}}]', 8, 1);
INSERT INTO public.django_admin_log VALUES (32, '2025-04-18 17:56:44.131238-05', '18', 'Niza', 1, '[{"added": {}}]', 8, 1);
INSERT INTO public.django_admin_log VALUES (33, '2025-04-18 17:57:51.644808-05', '19', 'Monaco', 1, '[{"added": {}}]', 8, 1);
INSERT INTO public.django_admin_log VALUES (34, '2025-04-18 17:58:25.686592-05', '20', 'Madrid', 1, '[{"added": {}}]', 8, 1);


--
-- TOC entry 4985 (class 0 OID 16407)
-- Dependencies: 220
-- Data for Name: django_content_type; Type: TABLE DATA; Schema: public; Owner: postgres
--

INSERT INTO public.django_content_type VALUES (1, 'admin', 'logentry');
INSERT INTO public.django_content_type VALUES (2, 'auth', 'permission');
INSERT INTO public.django_content_type VALUES (3, 'auth', 'group');
INSERT INTO public.django_content_type VALUES (4, 'auth', 'user');
INSERT INTO public.django_content_type VALUES (5, 'contenttypes', 'contenttype');
INSERT INTO public.django_content_type VALUES (6, 'sessions', 'session');
INSERT INTO public.django_content_type VALUES (7, 'furniture', 'category');
INSERT INTO public.django_content_type VALUES (8, 'furniture', 'furniture');
INSERT INTO public.django_content_type VALUES (9, 'users', 'customuser');
INSERT INTO public.django_content_type VALUES (10, 'cart', 'cartitem');
INSERT INTO public.django_content_type VALUES (11, 'orders', 'orderitem');
INSERT INTO public.django_content_type VALUES (12, 'orders', 'order');
INSERT INTO public.django_content_type VALUES (13, 'users', 'userprofile');


--
-- TOC entry 4983 (class 0 OID 16399)
-- Dependencies: 218
-- Data for Name: django_migrations; Type: TABLE DATA; Schema: public; Owner: postgres
--

INSERT INTO public.django_migrations VALUES (1, 'contenttypes', '0001_initial', '2025-04-13 16:18:39.908346-05');
INSERT INTO public.django_migrations VALUES (2, 'auth', '0001_initial', '2025-04-13 16:18:40.34773-05');
INSERT INTO public.django_migrations VALUES (3, 'admin', '0001_initial', '2025-04-13 16:18:40.49077-05');
INSERT INTO public.django_migrations VALUES (4, 'admin', '0002_logentry_remove_auto_add', '2025-04-13 16:18:40.501213-05');
INSERT INTO public.django_migrations VALUES (5, 'admin', '0003_logentry_add_action_flag_choices', '2025-04-13 16:18:40.519681-05');
INSERT INTO public.django_migrations VALUES (6, 'contenttypes', '0002_remove_content_type_name', '2025-04-13 16:18:40.590248-05');
INSERT INTO public.django_migrations VALUES (7, 'auth', '0002_alter_permission_name_max_length', '2025-04-13 16:18:40.606266-05');
INSERT INTO public.django_migrations VALUES (8, 'auth', '0003_alter_user_email_max_length', '2025-04-13 16:18:40.628434-05');
INSERT INTO public.django_migrations VALUES (9, 'auth', '0004_alter_user_username_opts', '2025-04-13 16:18:40.649539-05');
INSERT INTO public.django_migrations VALUES (10, 'auth', '0005_alter_user_last_login_null', '2025-04-13 16:18:40.67445-05');
INSERT INTO public.django_migrations VALUES (11, 'auth', '0006_require_contenttypes_0002', '2025-04-13 16:18:40.680548-05');
INSERT INTO public.django_migrations VALUES (12, 'auth', '0007_alter_validators_add_error_messages', '2025-04-13 16:18:40.697998-05');
INSERT INTO public.django_migrations VALUES (13, 'auth', '0008_alter_user_username_max_length', '2025-04-13 16:18:40.848271-05');
INSERT INTO public.django_migrations VALUES (14, 'auth', '0009_alter_user_last_name_max_length', '2025-04-13 16:18:40.906482-05');
INSERT INTO public.django_migrations VALUES (15, 'auth', '0010_alter_group_name_max_length', '2025-04-13 16:18:40.934356-05');
INSERT INTO public.django_migrations VALUES (16, 'auth', '0011_update_proxy_permissions', '2025-04-13 16:18:40.949446-05');
INSERT INTO public.django_migrations VALUES (17, 'auth', '0012_alter_user_first_name_max_length', '2025-04-13 16:18:40.97536-05');
INSERT INTO public.django_migrations VALUES (18, 'sessions', '0001_initial', '2025-04-13 16:18:41.034622-05');
INSERT INTO public.django_migrations VALUES (19, 'furniture', '0001_initial', '2025-04-14 19:30:39.082762-05');
INSERT INTO public.django_migrations VALUES (20, 'users', '0001_initial', '2025-04-14 20:16:14.035815-05');
INSERT INTO public.django_migrations VALUES (21, 'cart', '0001_initial', '2025-04-14 20:24:07.50477-05');
INSERT INTO public.django_migrations VALUES (22, 'orders', '0001_initial', '2025-04-15 20:36:11.371986-05');
INSERT INTO public.django_migrations VALUES (23, 'users', '0002_userprofile', '2025-04-17 16:16:42.0485-05');


--
-- TOC entry 5000 (class 0 OID 16535)
-- Dependencies: 235
-- Data for Name: django_session; Type: TABLE DATA; Schema: public; Owner: postgres
--

INSERT INTO public.django_session VALUES ('3g2d7lzxq1auub27q9m3qk7g3nqdh83u', '.eJxVjDEOwjAMRe-SGUVtnLiBkZ0zRHZsSAGlUtNOiLtDpQ6w_vfef5lE61LS2nROo5iT6c3hd2PKD60bkDvV22TzVJd5ZLspdqfNXibR53l3_w4KtfKtMToPgZBU0blOhFg9c8AwqELHUSBHCAgZe49AhPHKeozKjAA0mPcH6Rw4MA:1u45Bi:L3Ku_pk7wVlUzoMzWCN-_8QafZsqPO5jwsNOdjPEqeo', '2025-04-27 16:48:26.686575-05');
INSERT INTO public.django_session VALUES ('wuaajn5tt6rzy7fy1tr0enc3sq23cu94', '.eJxVjDEOwjAMRe-SGUVtnLiBkZ0zRHZsSAGlUtNOiLtDpQ6w_vfef5lE61LS2nROo5iT6c3hd2PKD60bkDvV22TzVJd5ZLspdqfNXibR53l3_w4KtfKtMToPgZBU0blOhFg9c8AwqELHUSBHCAgZe49AhPHKeozKjAA0mPcH6Rw4MA:1u4Szp:6AXBvGDNS9WEXRHP9xJou6_ArFxOX13fLgOBpL_Kxhw', '2025-04-28 18:13:45.802377-05');
INSERT INTO public.django_session VALUES ('ggf3mw4q3vc0uhwmctz77tklsdx59er4', 'e30:1u5UTn:XSy3KnXS4p62Lb_-Z-699aRsUOtCTOKANHRDfTMYMh8', '2025-05-01 14:00:55.450789-05');
INSERT INTO public.django_session VALUES ('v9e8d62m1vr8znbdni2lrbryajmhrg3x', 'e30:1u5VdE:ExJ2W2NX5Y7BNHpheTYSzDkpYYqB9NNXLJyKEI_Kd4Y', '2025-05-01 15:14:44.5305-05');
INSERT INTO public.django_session VALUES ('xkpd936gplqqwpphi1dwycim2g54lugk', 'e30:1u5VdE:ExJ2W2NX5Y7BNHpheTYSzDkpYYqB9NNXLJyKEI_Kd4Y', '2025-05-01 15:14:44.523839-05');
INSERT INTO public.django_session VALUES ('scdoa4qzqczhzo0ay05bk5qoy9sgvesy', 'e30:1u5VdE:ExJ2W2NX5Y7BNHpheTYSzDkpYYqB9NNXLJyKEI_Kd4Y', '2025-05-01 15:14:44.523124-05');
INSERT INTO public.django_session VALUES ('cwl16khr2j2snipegzx8e1gekmacs636', 'e30:1u5VdE:ExJ2W2NX5Y7BNHpheTYSzDkpYYqB9NNXLJyKEI_Kd4Y', '2025-05-01 15:14:44.206158-05');
INSERT INTO public.django_session VALUES ('qv7mk9xnbhz99sbxh9id60f2lw6k0fjn', 'e30:1u5VdE:ExJ2W2NX5Y7BNHpheTYSzDkpYYqB9NNXLJyKEI_Kd4Y', '2025-05-01 15:14:44.52953-05');


--
-- TOC entry 5002 (class 0 OID 16545)
-- Dependencies: 237
-- Data for Name: furniture_category; Type: TABLE DATA; Schema: public; Owner: postgres
--

INSERT INTO public.furniture_category VALUES (1, 'Muebles para Sala');
INSERT INTO public.furniture_category VALUES (2, 'Muebles para Dormitorio');
INSERT INTO public.furniture_category VALUES (3, 'Muebles para Comedor');
INSERT INTO public.furniture_category VALUES (4, 'Muebles para Cocina');


--
-- TOC entry 5004 (class 0 OID 16551)
-- Dependencies: 239
-- Data for Name: furniture_furniture; Type: TABLE DATA; Schema: public; Owner: postgres
--

INSERT INTO public.furniture_furniture VALUES (2, 'Alcoba Latina', 'Alcoba moderna', 4800000.00, 'furniture_images/Alcoba2.jpg', 3, 2);
INSERT INTO public.furniture_furniture VALUES (4, 'Alcoba Antonella', 'Alcoba Moderna', 4900000.00, 'furniture_images/Alcoba4.jpg', 3, 2);
INSERT INTO public.furniture_furniture VALUES (5, 'Alcoba Laura', 'Alcoba Moderna', 4900000.00, 'furniture_images/Alcoba5.jpg', 3, 2);
INSERT INTO public.furniture_furniture VALUES (6, 'Alcoba Silvana', 'Alcoba Moderna', 4500000.00, 'furniture_images/Alcoba6.jpg', 3, 2);
INSERT INTO public.furniture_furniture VALUES (7, 'Alcoba Reina', 'Alcoba Moderna', 4750000.00, 'furniture_images/Alcoba7_rva4APO.jpg', 3, 2);
INSERT INTO public.furniture_furniture VALUES (1, 'Alcoba Breska', 'Alcoba moderna', 4900000.00, 'furniture_images/Alcoba1.jpg', 3, 2);
INSERT INTO public.furniture_furniture VALUES (3, 'Alcoba Arizona', 'Alcoba Moderna', 4800000.00, 'furniture_images/Alcoba3.jpg', 3, 2);
INSERT INTO public.furniture_furniture VALUES (8, 'Raíz Viva', 'Comedor', 3600000.00, 'furniture_images/Comedor1.jpg', 3, 3);
INSERT INTO public.furniture_furniture VALUES (9, 'Corazón de Roble', 'Comedor', 4200000.00, 'furniture_images/Comedor3.jpg', 3, 3);
INSERT INTO public.furniture_furniture VALUES (10, 'Aroma de Cedro', 'Comedor', 4100000.00, 'furniture_images/Comedor6.jpg', 3, 3);
INSERT INTO public.furniture_furniture VALUES (11, 'Textura Natural', 'Comedor', 4300000.00, 'furniture_images/Comedor7.jpeg', 5, 3);
INSERT INTO public.furniture_furniture VALUES (12, 'Línea Pura', 'Cocina Integral Moderna', 4500000.00, 'furniture_images/Cocina1.jpeg', 2, 4);
INSERT INTO public.furniture_furniture VALUES (13, 'Forma Esencial', 'Cocina Integral Moderna', 5200000.00, 'furniture_images/Cocina2.jpeg', 2, 4);
INSERT INTO public.furniture_furniture VALUES (14, 'Montreal', 'Cocina Integral Moderna', 5400000.00, 'furniture_images/Cocina4.jpg', 3, 4);
INSERT INTO public.furniture_furniture VALUES (15, 'Continental', 'Cocina Integral Moderna', 4600000.00, 'furniture_images/Cocina5.jpg', 3, 4);
INSERT INTO public.furniture_furniture VALUES (16, 'Venecia', 'Sala moderna', 5450000.00, 'furniture_images/Sala1.jpeg', 4, 1);
INSERT INTO public.furniture_furniture VALUES (17, 'Roma', 'Sala Moderna', 5800000.00, 'furniture_images/Sala3.jpeg', 4, 1);
INSERT INTO public.furniture_furniture VALUES (18, 'Niza', 'Sala Moderna', 6300000.00, 'furniture_images/Sala4.jpeg', 4, 1);
INSERT INTO public.furniture_furniture VALUES (19, 'Monaco', 'Sala Moderna', 5700000.00, 'furniture_images/Sala5.jpg', 4, 1);
INSERT INTO public.furniture_furniture VALUES (20, 'Madrid', 'Sala Moderna', 4570000.00, 'furniture_images/Sala7.jpg', 5, 1);


--
-- TOC entry 5014 (class 0 OID 16636)
-- Dependencies: 249
-- Data for Name: orders_order; Type: TABLE DATA; Schema: public; Owner: postgres
--



--
-- TOC entry 5016 (class 0 OID 16644)
-- Dependencies: 251
-- Data for Name: orders_orderitem; Type: TABLE DATA; Schema: public; Owner: postgres
--



--
-- TOC entry 5006 (class 0 OID 16565)
-- Dependencies: 241
-- Data for Name: users_customuser; Type: TABLE DATA; Schema: public; Owner: postgres
--



--
-- TOC entry 5008 (class 0 OID 16575)
-- Dependencies: 243
-- Data for Name: users_customuser_groups; Type: TABLE DATA; Schema: public; Owner: postgres
--



--
-- TOC entry 5010 (class 0 OID 16581)
-- Dependencies: 245
-- Data for Name: users_customuser_user_permissions; Type: TABLE DATA; Schema: public; Owner: postgres
--



--
-- TOC entry 5018 (class 0 OID 16669)
-- Dependencies: 253
-- Data for Name: users_userprofile; Type: TABLE DATA; Schema: public; Owner: postgres
--

INSERT INTO public.users_userprofile VALUES (1, 'calle 16 #35-26', '3164140702', 4);
INSERT INTO public.users_userprofile VALUES (2, 'calle53 #15-83', '3164140765', 5);


--
-- TOC entry 5024 (class 0 OID 0)
-- Dependencies: 223
-- Name: auth_group_id_seq; Type: SEQUENCE SET; Schema: public; Owner: postgres
--

SELECT pg_catalog.setval('public.auth_group_id_seq', 1, false);


--
-- TOC entry 5025 (class 0 OID 0)
-- Dependencies: 225
-- Name: auth_group_permissions_id_seq; Type: SEQUENCE SET; Schema: public; Owner: postgres
--

SELECT pg_catalog.setval('public.auth_group_permissions_id_seq', 1, false);


--
-- TOC entry 5026 (class 0 OID 0)
-- Dependencies: 221
-- Name: auth_permission_id_seq; Type: SEQUENCE SET; Schema: public; Owner: postgres
--

SELECT pg_catalog.setval('public.auth_permission_id_seq', 52, true);


--
-- TOC entry 5027 (class 0 OID 0)
-- Dependencies: 229
-- Name: auth_user_groups_id_seq; Type: SEQUENCE SET; Schema: public; Owner: postgres
--

SELECT pg_catalog.setval('public.auth_user_groups_id_seq', 1, false);


--
-- TOC entry 5028 (class 0 OID 0)
-- Dependencies: 227
-- Name: auth_user_id_seq; Type: SEQUENCE SET; Schema: public; Owner: postgres
--

SELECT pg_catalog.setval('public.auth_user_id_seq', 5, true);


--
-- TOC entry 5029 (class 0 OID 0)
-- Dependencies: 231
-- Name: auth_user_user_permissions_id_seq; Type: SEQUENCE SET; Schema: public; Owner: postgres
--

SELECT pg_catalog.setval('public.auth_user_user_permissions_id_seq', 1, false);


--
-- TOC entry 5030 (class 0 OID 0)
-- Dependencies: 246
-- Name: cart_cartitem_id_seq; Type: SEQUENCE SET; Schema: public; Owner: postgres
--

SELECT pg_catalog.setval('public.cart_cartitem_id_seq', 6, true);


--
-- TOC entry 5031 (class 0 OID 0)
-- Dependencies: 233
-- Name: django_admin_log_id_seq; Type: SEQUENCE SET; Schema: public; Owner: postgres
--

SELECT pg_catalog.setval('public.django_admin_log_id_seq', 34, true);


--
-- TOC entry 5032 (class 0 OID 0)
-- Dependencies: 219
-- Name: django_content_type_id_seq; Type: SEQUENCE SET; Schema: public; Owner: postgres
--

SELECT pg_catalog.setval('public.django_content_type_id_seq', 13, true);


--
-- TOC entry 5033 (class 0 OID 0)
-- Dependencies: 217
-- Name: django_migrations_id_seq; Type: SEQUENCE SET; Schema: public; Owner: postgres
--

SELECT pg_catalog.setval('public.django_migrations_id_seq', 23, true);


--
-- TOC entry 5034 (class 0 OID 0)
-- Dependencies: 236
-- Name: furniture_category_id_seq; Type: SEQUENCE SET; Schema: public; Owner: postgres
--

SELECT pg_catalog.setval('public.furniture_category_id_seq', 4, true);


--
-- TOC entry 5035 (class 0 OID 0)
-- Dependencies: 238
-- Name: furniture_furniture_id_seq; Type: SEQUENCE SET; Schema: public; Owner: postgres
--

SELECT pg_catalog.setval('public.furniture_furniture_id_seq', 20, true);


--
-- TOC entry 5036 (class 0 OID 0)
-- Dependencies: 248
-- Name: orders_order_id_seq; Type: SEQUENCE SET; Schema: public; Owner: postgres
--

SELECT pg_catalog.setval('public.orders_order_id_seq', 1, false);


--
-- TOC entry 5037 (class 0 OID 0)
-- Dependencies: 250
-- Name: orders_orderitem_id_seq; Type: SEQUENCE SET; Schema: public; Owner: postgres
--

SELECT pg_catalog.setval('public.orders_orderitem_id_seq', 1, false);


--
-- TOC entry 5038 (class 0 OID 0)
-- Dependencies: 242
-- Name: users_customuser_groups_id_seq; Type: SEQUENCE SET; Schema: public; Owner: postgres
--

SELECT pg_catalog.setval('public.users_customuser_groups_id_seq', 1, false);


--
-- TOC entry 5039 (class 0 OID 0)
-- Dependencies: 240
-- Name: users_customuser_id_seq; Type: SEQUENCE SET; Schema: public; Owner: postgres
--

SELECT pg_catalog.setval('public.users_customuser_id_seq', 1, false);


--
-- TOC entry 5040 (class 0 OID 0)
-- Dependencies: 244
-- Name: users_customuser_user_permissions_id_seq; Type: SEQUENCE SET; Schema: public; Owner: postgres
--

SELECT pg_catalog.setval('public.users_customuser_user_permissions_id_seq', 1, false);


--
-- TOC entry 5041 (class 0 OID 0)
-- Dependencies: 252
-- Name: users_userprofile_id_seq; Type: SEQUENCE SET; Schema: public; Owner: postgres
--

SELECT pg_catalog.setval('public.users_userprofile_id_seq', 2, true);


--
-- TOC entry 4746 (class 2606 OID 16533)
-- Name: auth_group auth_group_name_key; Type: CONSTRAINT; Schema: public; Owner: postgres
--

ALTER TABLE ONLY public.auth_group
    ADD CONSTRAINT auth_group_name_key UNIQUE (name);


--
-- TOC entry 4751 (class 2606 OID 16464)
-- Name: auth_group_permissions auth_group_permissions_group_id_permission_id_0cd325b0_uniq; Type: CONSTRAINT; Schema: public; Owner: postgres
--

ALTER TABLE ONLY public.auth_group_permissions
    ADD CONSTRAINT auth_group_permissions_group_id_permission_id_0cd325b0_uniq UNIQUE (group_id, permission_id);


--
-- TOC entry 4754 (class 2606 OID 16433)
-- Name: auth_group_permissions auth_group_permissions_pkey; Type: CONSTRAINT; Schema: public; Owner: postgres
--

ALTER TABLE ONLY public.auth_group_permissions
    ADD CONSTRAINT auth_group_permissions_pkey PRIMARY KEY (id);


--
-- TOC entry 4748 (class 2606 OID 16425)
-- Name: auth_group auth_group_pkey; Type: CONSTRAINT; Schema: public; Owner: postgres
--

ALTER TABLE ONLY public.auth_group
    ADD CONSTRAINT auth_group_pkey PRIMARY KEY (id);


--
-- TOC entry 4741 (class 2606 OID 16455)
-- Name: auth_permission auth_permission_content_type_id_codename_01ab375a_uniq; Type: CONSTRAINT; Schema: public; Owner: postgres
--

ALTER TABLE ONLY public.auth_permission
    ADD CONSTRAINT auth_permission_content_type_id_codename_01ab375a_uniq UNIQUE (content_type_id, codename);


--
-- TOC entry 4743 (class 2606 OID 16419)
-- Name: auth_permission auth_permission_pkey; Type: CONSTRAINT; Schema: public; Owner: postgres
--

ALTER TABLE ONLY public.auth_permission
    ADD CONSTRAINT auth_permission_pkey PRIMARY KEY (id);


--
-- TOC entry 4762 (class 2606 OID 16447)
-- Name: auth_user_groups auth_user_groups_pkey; Type: CONSTRAINT; Schema: public; Owner: postgres
--

ALTER TABLE ONLY public.auth_user_groups
    ADD CONSTRAINT auth_user_groups_pkey PRIMARY KEY (id);


--
-- TOC entry 4765 (class 2606 OID 16479)
-- Name: auth_user_groups auth_user_groups_user_id_group_id_94350c0c_uniq; Type: CONSTRAINT; Schema: public; Owner: postgres
--

ALTER TABLE ONLY public.auth_user_groups
    ADD CONSTRAINT auth_user_groups_user_id_group_id_94350c0c_uniq UNIQUE (user_id, group_id);


--
-- TOC entry 4756 (class 2606 OID 16439)
-- Name: auth_user auth_user_pkey; Type: CONSTRAINT; Schema: public; Owner: postgres
--

ALTER TABLE ONLY public.auth_user
    ADD CONSTRAINT auth_user_pkey PRIMARY KEY (id);


--
-- TOC entry 4768 (class 2606 OID 16453)
-- Name: auth_user_user_permissions auth_user_user_permissions_pkey; Type: CONSTRAINT; Schema: public; Owner: postgres
--

ALTER TABLE ONLY public.auth_user_user_permissions
    ADD CONSTRAINT auth_user_user_permissions_pkey PRIMARY KEY (id);


--
-- TOC entry 4771 (class 2606 OID 16493)
-- Name: auth_user_user_permissions auth_user_user_permissions_user_id_permission_id_14a6b632_uniq; Type: CONSTRAINT; Schema: public; Owner: postgres
--

ALTER TABLE ONLY public.auth_user_user_permissions
    ADD CONSTRAINT auth_user_user_permissions_user_id_permission_id_14a6b632_uniq UNIQUE (user_id, permission_id);


--
-- TOC entry 4759 (class 2606 OID 16528)
-- Name: auth_user auth_user_username_key; Type: CONSTRAINT; Schema: public; Owner: postgres
--

ALTER TABLE ONLY public.auth_user
    ADD CONSTRAINT auth_user_username_key UNIQUE (username);


--
-- TOC entry 4804 (class 2606 OID 16622)
-- Name: cart_cartitem cart_cartitem_pkey; Type: CONSTRAINT; Schema: public; Owner: postgres
--

ALTER TABLE ONLY public.cart_cartitem
    ADD CONSTRAINT cart_cartitem_pkey PRIMARY KEY (id);


--
-- TOC entry 4774 (class 2606 OID 16514)
-- Name: django_admin_log django_admin_log_pkey; Type: CONSTRAINT; Schema: public; Owner: postgres
--

ALTER TABLE ONLY public.django_admin_log
    ADD CONSTRAINT django_admin_log_pkey PRIMARY KEY (id);


--
-- TOC entry 4736 (class 2606 OID 16413)
-- Name: django_content_type django_content_type_app_label_model_76bd3d3b_uniq; Type: CONSTRAINT; Schema: public; Owner: postgres
--

ALTER TABLE ONLY public.django_content_type
    ADD CONSTRAINT django_content_type_app_label_model_76bd3d3b_uniq UNIQUE (app_label, model);


--
-- TOC entry 4738 (class 2606 OID 16411)
-- Name: django_content_type django_content_type_pkey; Type: CONSTRAINT; Schema: public; Owner: postgres
--

ALTER TABLE ONLY public.django_content_type
    ADD CONSTRAINT django_content_type_pkey PRIMARY KEY (id);


--
-- TOC entry 4734 (class 2606 OID 16405)
-- Name: django_migrations django_migrations_pkey; Type: CONSTRAINT; Schema: public; Owner: postgres
--

ALTER TABLE ONLY public.django_migrations
    ADD CONSTRAINT django_migrations_pkey PRIMARY KEY (id);


--
-- TOC entry 4778 (class 2606 OID 16541)
-- Name: django_session django_session_pkey; Type: CONSTRAINT; Schema: public; Owner: postgres
--

ALTER TABLE ONLY public.django_session
    ADD CONSTRAINT django_session_pkey PRIMARY KEY (session_key);


--
-- TOC entry 4781 (class 2606 OID 16549)
-- Name: furniture_category furniture_category_pkey; Type: CONSTRAINT; Schema: public; Owner: postgres
--

ALTER TABLE ONLY public.furniture_category
    ADD CONSTRAINT furniture_category_pkey PRIMARY KEY (id);


--
-- TOC entry 4784 (class 2606 OID 16557)
-- Name: furniture_furniture furniture_furniture_pkey; Type: CONSTRAINT; Schema: public; Owner: postgres
--

ALTER TABLE ONLY public.furniture_furniture
    ADD CONSTRAINT furniture_furniture_pkey PRIMARY KEY (id);


--
-- TOC entry 4807 (class 2606 OID 16642)
-- Name: orders_order orders_order_pkey; Type: CONSTRAINT; Schema: public; Owner: postgres
--

ALTER TABLE ONLY public.orders_order
    ADD CONSTRAINT orders_order_pkey PRIMARY KEY (id);


--
-- TOC entry 4812 (class 2606 OID 16649)
-- Name: orders_orderitem orders_orderitem_pkey; Type: CONSTRAINT; Schema: public; Owner: postgres
--

ALTER TABLE ONLY public.orders_orderitem
    ADD CONSTRAINT orders_orderitem_pkey PRIMARY KEY (id);


--
-- TOC entry 4792 (class 2606 OID 16588)
-- Name: users_customuser_groups users_customuser_groups_customuser_id_group_id_76b619e3_uniq; Type: CONSTRAINT; Schema: public; Owner: postgres
--

ALTER TABLE ONLY public.users_customuser_groups
    ADD CONSTRAINT users_customuser_groups_customuser_id_group_id_76b619e3_uniq UNIQUE (customuser_id, group_id);


--
-- TOC entry 4795 (class 2606 OID 16579)
-- Name: users_customuser_groups users_customuser_groups_pkey; Type: CONSTRAINT; Schema: public; Owner: postgres
--

ALTER TABLE ONLY public.users_customuser_groups
    ADD CONSTRAINT users_customuser_groups_pkey PRIMARY KEY (id);


--
-- TOC entry 4786 (class 2606 OID 16571)
-- Name: users_customuser users_customuser_pkey; Type: CONSTRAINT; Schema: public; Owner: postgres
--

ALTER TABLE ONLY public.users_customuser
    ADD CONSTRAINT users_customuser_pkey PRIMARY KEY (id);


--
-- TOC entry 4797 (class 2606 OID 16602)
-- Name: users_customuser_user_permissions users_customuser_user_pe_customuser_id_permission_7a7debf6_uniq; Type: CONSTRAINT; Schema: public; Owner: postgres
--

ALTER TABLE ONLY public.users_customuser_user_permissions
    ADD CONSTRAINT users_customuser_user_pe_customuser_id_permission_7a7debf6_uniq UNIQUE (customuser_id, permission_id);


--
-- TOC entry 4801 (class 2606 OID 16585)
-- Name: users_customuser_user_permissions users_customuser_user_permissions_pkey; Type: CONSTRAINT; Schema: public; Owner: postgres
--

ALTER TABLE ONLY public.users_customuser_user_permissions
    ADD CONSTRAINT users_customuser_user_permissions_pkey PRIMARY KEY (id);


--
-- TOC entry 4789 (class 2606 OID 16573)
-- Name: users_customuser users_customuser_username_key; Type: CONSTRAINT; Schema: public; Owner: postgres
--

ALTER TABLE ONLY public.users_customuser
    ADD CONSTRAINT users_customuser_username_key UNIQUE (username);


--
-- TOC entry 4814 (class 2606 OID 16673)
-- Name: users_userprofile users_userprofile_pkey; Type: CONSTRAINT; Schema: public; Owner: postgres
--

ALTER TABLE ONLY public.users_userprofile
    ADD CONSTRAINT users_userprofile_pkey PRIMARY KEY (id);


--
-- TOC entry 4816 (class 2606 OID 16675)
-- Name: users_userprofile users_userprofile_user_id_key; Type: CONSTRAINT; Schema: public; Owner: postgres
--

ALTER TABLE ONLY public.users_userprofile
    ADD CONSTRAINT users_userprofile_user_id_key UNIQUE (user_id);


--
-- TOC entry 4744 (class 1259 OID 16534)
-- Name: auth_group_name_a6ea08ec_like; Type: INDEX; Schema: public; Owner: postgres
--

CREATE INDEX auth_group_name_a6ea08ec_like ON public.auth_group USING btree (name varchar_pattern_ops);


--
-- TOC entry 4749 (class 1259 OID 16475)
-- Name: auth_group_permissions_group_id_b120cbf9; Type: INDEX; Schema: public; Owner: postgres
--

CREATE INDEX auth_group_permissions_group_id_b120cbf9 ON public.auth_group_permissions USING btree (group_id);


--
-- TOC entry 4752 (class 1259 OID 16476)
-- Name: auth_group_permissions_permission_id_84c5c92e; Type: INDEX; Schema: public; Owner: postgres
--

CREATE INDEX auth_group_permissions_permission_id_84c5c92e ON public.auth_group_permissions USING btree (permission_id);


--
-- TOC entry 4739 (class 1259 OID 16461)
-- Name: auth_permission_content_type_id_2f476e4b; Type: INDEX; Schema: public; Owner: postgres
--

CREATE INDEX auth_permission_content_type_id_2f476e4b ON public.auth_permission USING btree (content_type_id);


--
-- TOC entry 4760 (class 1259 OID 16491)
-- Name: auth_user_groups_group_id_97559544; Type: INDEX; Schema: public; Owner: postgres
--

CREATE INDEX auth_user_groups_group_id_97559544 ON public.auth_user_groups USING btree (group_id);


--
-- TOC entry 4763 (class 1259 OID 16490)
-- Name: auth_user_groups_user_id_6a12ed8b; Type: INDEX; Schema: public; Owner: postgres
--

CREATE INDEX auth_user_groups_user_id_6a12ed8b ON public.auth_user_groups USING btree (user_id);


--
-- TOC entry 4766 (class 1259 OID 16505)
-- Name: auth_user_user_permissions_permission_id_1fbb5f2c; Type: INDEX; Schema: public; Owner: postgres
--

CREATE INDEX auth_user_user_permissions_permission_id_1fbb5f2c ON public.auth_user_user_permissions USING btree (permission_id);


--
-- TOC entry 4769 (class 1259 OID 16504)
-- Name: auth_user_user_permissions_user_id_a95ead1b; Type: INDEX; Schema: public; Owner: postgres
--

CREATE INDEX auth_user_user_permissions_user_id_a95ead1b ON public.auth_user_user_permissions USING btree (user_id);


--
-- TOC entry 4757 (class 1259 OID 16529)
-- Name: auth_user_username_6821ab7c_like; Type: INDEX; Schema: public; Owner: postgres
--

CREATE INDEX auth_user_username_6821ab7c_like ON public.auth_user USING btree (username varchar_pattern_ops);


--
-- TOC entry 4802 (class 1259 OID 16633)
-- Name: cart_cartitem_furniture_id_9afbd8d3; Type: INDEX; Schema: public; Owner: postgres
--

CREATE INDEX cart_cartitem_furniture_id_9afbd8d3 ON public.cart_cartitem USING btree (furniture_id);


--
-- TOC entry 4805 (class 1259 OID 16634)
-- Name: cart_cartitem_user_id_292943b8; Type: INDEX; Schema: public; Owner: postgres
--

CREATE INDEX cart_cartitem_user_id_292943b8 ON public.cart_cartitem USING btree (user_id);


--
-- TOC entry 4772 (class 1259 OID 16525)
-- Name: django_admin_log_content_type_id_c4bce8eb; Type: INDEX; Schema: public; Owner: postgres
--

CREATE INDEX django_admin_log_content_type_id_c4bce8eb ON public.django_admin_log USING btree (content_type_id);


--
-- TOC entry 4775 (class 1259 OID 16526)
-- Name: django_admin_log_user_id_c564eba6; Type: INDEX; Schema: public; Owner: postgres
--

CREATE INDEX django_admin_log_user_id_c564eba6 ON public.django_admin_log USING btree (user_id);


--
-- TOC entry 4776 (class 1259 OID 16543)
-- Name: django_session_expire_date_a5c62663; Type: INDEX; Schema: public; Owner: postgres
--

CREATE INDEX django_session_expire_date_a5c62663 ON public.django_session USING btree (expire_date);


--
-- TOC entry 4779 (class 1259 OID 16542)
-- Name: django_session_session_key_c0390e0f_like; Type: INDEX; Schema: public; Owner: postgres
--

CREATE INDEX django_session_session_key_c0390e0f_like ON public.django_session USING btree (session_key varchar_pattern_ops);


--
-- TOC entry 4782 (class 1259 OID 16563)
-- Name: furniture_furniture_category_id_f95ae178; Type: INDEX; Schema: public; Owner: postgres
--

CREATE INDEX furniture_furniture_category_id_f95ae178 ON public.furniture_furniture USING btree (category_id);


--
-- TOC entry 4808 (class 1259 OID 16655)
-- Name: orders_order_user_id_e9b59eb1; Type: INDEX; Schema: public; Owner: postgres
--

CREATE INDEX orders_order_user_id_e9b59eb1 ON public.orders_order USING btree (user_id);


--
-- TOC entry 4809 (class 1259 OID 16666)
-- Name: orders_orderitem_furniture_id_cff749b1; Type: INDEX; Schema: public; Owner: postgres
--

CREATE INDEX orders_orderitem_furniture_id_cff749b1 ON public.orders_orderitem USING btree (furniture_id);


--
-- TOC entry 4810 (class 1259 OID 16667)
-- Name: orders_orderitem_order_id_fe61a34d; Type: INDEX; Schema: public; Owner: postgres
--

CREATE INDEX orders_orderitem_order_id_fe61a34d ON public.orders_orderitem USING btree (order_id);


--
-- TOC entry 4790 (class 1259 OID 16599)
-- Name: users_customuser_groups_customuser_id_958147bf; Type: INDEX; Schema: public; Owner: postgres
--

CREATE INDEX users_customuser_groups_customuser_id_958147bf ON public.users_customuser_groups USING btree (customuser_id);


--
-- TOC entry 4793 (class 1259 OID 16600)
-- Name: users_customuser_groups_group_id_01390b14; Type: INDEX; Schema: public; Owner: postgres
--

CREATE INDEX users_customuser_groups_group_id_01390b14 ON public.users_customuser_groups USING btree (group_id);


--
-- TOC entry 4798 (class 1259 OID 16613)
-- Name: users_customuser_user_permissions_customuser_id_5771478b; Type: INDEX; Schema: public; Owner: postgres
--

CREATE INDEX users_customuser_user_permissions_customuser_id_5771478b ON public.users_customuser_user_permissions USING btree (customuser_id);


--
-- TOC entry 4799 (class 1259 OID 16614)
-- Name: users_customuser_user_permissions_permission_id_baaa2f74; Type: INDEX; Schema: public; Owner: postgres
--

CREATE INDEX users_customuser_user_permissions_permission_id_baaa2f74 ON public.users_customuser_user_permissions USING btree (permission_id);


--
-- TOC entry 4787 (class 1259 OID 16586)
-- Name: users_customuser_username_80452fdf_like; Type: INDEX; Schema: public; Owner: postgres
--

CREATE INDEX users_customuser_username_80452fdf_like ON public.users_customuser USING btree (username varchar_pattern_ops);


--
-- TOC entry 4818 (class 2606 OID 16470)
-- Name: auth_group_permissions auth_group_permissio_permission_id_84c5c92e_fk_auth_perm; Type: FK CONSTRAINT; Schema: public; Owner: postgres
--

ALTER TABLE ONLY public.auth_group_permissions
    ADD CONSTRAINT auth_group_permissio_permission_id_84c5c92e_fk_auth_perm FOREIGN KEY (permission_id) REFERENCES public.auth_permission(id) DEFERRABLE INITIALLY DEFERRED;


--
-- TOC entry 4819 (class 2606 OID 16465)
-- Name: auth_group_permissions auth_group_permissions_group_id_b120cbf9_fk_auth_group_id; Type: FK CONSTRAINT; Schema: public; Owner: postgres
--

ALTER TABLE ONLY public.auth_group_permissions
    ADD CONSTRAINT auth_group_permissions_group_id_b120cbf9_fk_auth_group_id FOREIGN KEY (group_id) REFERENCES public.auth_group(id) DEFERRABLE INITIALLY DEFERRED;


--
-- TOC entry 4817 (class 2606 OID 16456)
-- Name: auth_permission auth_permission_content_type_id_2f476e4b_fk_django_co; Type: FK CONSTRAINT; Schema: public; Owner: postgres
--

ALTER TABLE ONLY public.auth_permission
    ADD CONSTRAINT auth_permission_content_type_id_2f476e4b_fk_django_co FOREIGN KEY (content_type_id) REFERENCES public.django_content_type(id) DEFERRABLE INITIALLY DEFERRED;


--
-- TOC entry 4820 (class 2606 OID 16485)
-- Name: auth_user_groups auth_user_groups_group_id_97559544_fk_auth_group_id; Type: FK CONSTRAINT; Schema: public; Owner: postgres
--

ALTER TABLE ONLY public.auth_user_groups
    ADD CONSTRAINT auth_user_groups_group_id_97559544_fk_auth_group_id FOREIGN KEY (group_id) REFERENCES public.auth_group(id) DEFERRABLE INITIALLY DEFERRED;


--
-- TOC entry 4821 (class 2606 OID 16480)
-- Name: auth_user_groups auth_user_groups_user_id_6a12ed8b_fk_auth_user_id; Type: FK CONSTRAINT; Schema: public; Owner: postgres
--

ALTER TABLE ONLY public.auth_user_groups
    ADD CONSTRAINT auth_user_groups_user_id_6a12ed8b_fk_auth_user_id FOREIGN KEY (user_id) REFERENCES public.auth_user(id) DEFERRABLE INITIALLY DEFERRED;


--
-- TOC entry 4822 (class 2606 OID 16499)
-- Name: auth_user_user_permissions auth_user_user_permi_permission_id_1fbb5f2c_fk_auth_perm; Type: FK CONSTRAINT; Schema: public; Owner: postgres
--

ALTER TABLE ONLY public.auth_user_user_permissions
    ADD CONSTRAINT auth_user_user_permi_permission_id_1fbb5f2c_fk_auth_perm FOREIGN KEY (permission_id) REFERENCES public.auth_permission(id) DEFERRABLE INITIALLY DEFERRED;


--
-- TOC entry 4823 (class 2606 OID 16494)
-- Name: auth_user_user_permissions auth_user_user_permissions_user_id_a95ead1b_fk_auth_user_id; Type: FK CONSTRAINT; Schema: public; Owner: postgres
--

ALTER TABLE ONLY public.auth_user_user_permissions
    ADD CONSTRAINT auth_user_user_permissions_user_id_a95ead1b_fk_auth_user_id FOREIGN KEY (user_id) REFERENCES public.auth_user(id) DEFERRABLE INITIALLY DEFERRED;


--
-- TOC entry 4831 (class 2606 OID 16623)
-- Name: cart_cartitem cart_cartitem_furniture_id_9afbd8d3_fk_furniture_furniture_id; Type: FK CONSTRAINT; Schema: public; Owner: postgres
--

ALTER TABLE ONLY public.cart_cartitem
    ADD CONSTRAINT cart_cartitem_furniture_id_9afbd8d3_fk_furniture_furniture_id FOREIGN KEY (furniture_id) REFERENCES public.furniture_furniture(id) DEFERRABLE INITIALLY DEFERRED;


--
-- TOC entry 4832 (class 2606 OID 16628)
-- Name: cart_cartitem cart_cartitem_user_id_292943b8_fk_auth_user_id; Type: FK CONSTRAINT; Schema: public; Owner: postgres
--

ALTER TABLE ONLY public.cart_cartitem
    ADD CONSTRAINT cart_cartitem_user_id_292943b8_fk_auth_user_id FOREIGN KEY (user_id) REFERENCES public.auth_user(id) DEFERRABLE INITIALLY DEFERRED;


--
-- TOC entry 4824 (class 2606 OID 16515)
-- Name: django_admin_log django_admin_log_content_type_id_c4bce8eb_fk_django_co; Type: FK CONSTRAINT; Schema: public; Owner: postgres
--

ALTER TABLE ONLY public.django_admin_log
    ADD CONSTRAINT django_admin_log_content_type_id_c4bce8eb_fk_django_co FOREIGN KEY (content_type_id) REFERENCES public.django_content_type(id) DEFERRABLE INITIALLY DEFERRED;


--
-- TOC entry 4825 (class 2606 OID 16520)
-- Name: django_admin_log django_admin_log_user_id_c564eba6_fk_auth_user_id; Type: FK CONSTRAINT; Schema: public; Owner: postgres
--

ALTER TABLE ONLY public.django_admin_log
    ADD CONSTRAINT django_admin_log_user_id_c564eba6_fk_auth_user_id FOREIGN KEY (user_id) REFERENCES public.auth_user(id) DEFERRABLE INITIALLY DEFERRED;


--
-- TOC entry 4826 (class 2606 OID 16558)
-- Name: furniture_furniture furniture_furniture_category_id_f95ae178_fk_furniture; Type: FK CONSTRAINT; Schema: public; Owner: postgres
--

ALTER TABLE ONLY public.furniture_furniture
    ADD CONSTRAINT furniture_furniture_category_id_f95ae178_fk_furniture FOREIGN KEY (category_id) REFERENCES public.furniture_category(id) DEFERRABLE INITIALLY DEFERRED;


--
-- TOC entry 4833 (class 2606 OID 16650)
-- Name: orders_order orders_order_user_id_e9b59eb1_fk_auth_user_id; Type: FK CONSTRAINT; Schema: public; Owner: postgres
--

ALTER TABLE ONLY public.orders_order
    ADD CONSTRAINT orders_order_user_id_e9b59eb1_fk_auth_user_id FOREIGN KEY (user_id) REFERENCES public.auth_user(id) DEFERRABLE INITIALLY DEFERRED;


--
-- TOC entry 4834 (class 2606 OID 16656)
-- Name: orders_orderitem orders_orderitem_furniture_id_cff749b1_fk_furniture; Type: FK CONSTRAINT; Schema: public; Owner: postgres
--

ALTER TABLE ONLY public.orders_orderitem
    ADD CONSTRAINT orders_orderitem_furniture_id_cff749b1_fk_furniture FOREIGN KEY (furniture_id) REFERENCES public.furniture_furniture(id) DEFERRABLE INITIALLY DEFERRED;


--
-- TOC entry 4835 (class 2606 OID 16661)
-- Name: orders_orderitem orders_orderitem_order_id_fe61a34d_fk_orders_order_id; Type: FK CONSTRAINT; Schema: public; Owner: postgres
--

ALTER TABLE ONLY public.orders_orderitem
    ADD CONSTRAINT orders_orderitem_order_id_fe61a34d_fk_orders_order_id FOREIGN KEY (order_id) REFERENCES public.orders_order(id) DEFERRABLE INITIALLY DEFERRED;


--
-- TOC entry 4827 (class 2606 OID 16589)
-- Name: users_customuser_groups users_customuser_gro_customuser_id_958147bf_fk_users_cus; Type: FK CONSTRAINT; Schema: public; Owner: postgres
--

ALTER TABLE ONLY public.users_customuser_groups
    ADD CONSTRAINT users_customuser_gro_customuser_id_958147bf_fk_users_cus FOREIGN KEY (customuser_id) REFERENCES public.users_customuser(id) DEFERRABLE INITIALLY DEFERRED;


--
-- TOC entry 4828 (class 2606 OID 16594)
-- Name: users_customuser_groups users_customuser_groups_group_id_01390b14_fk_auth_group_id; Type: FK CONSTRAINT; Schema: public; Owner: postgres
--

ALTER TABLE ONLY public.users_customuser_groups
    ADD CONSTRAINT users_customuser_groups_group_id_01390b14_fk_auth_group_id FOREIGN KEY (group_id) REFERENCES public.auth_group(id) DEFERRABLE INITIALLY DEFERRED;


--
-- TOC entry 4829 (class 2606 OID 16603)
-- Name: users_customuser_user_permissions users_customuser_use_customuser_id_5771478b_fk_users_cus; Type: FK CONSTRAINT; Schema: public; Owner: postgres
--

ALTER TABLE ONLY public.users_customuser_user_permissions
    ADD CONSTRAINT users_customuser_use_customuser_id_5771478b_fk_users_cus FOREIGN KEY (customuser_id) REFERENCES public.users_customuser(id) DEFERRABLE INITIALLY DEFERRED;


--
-- TOC entry 4830 (class 2606 OID 16608)
-- Name: users_customuser_user_permissions users_customuser_use_permission_id_baaa2f74_fk_auth_perm; Type: FK CONSTRAINT; Schema: public; Owner: postgres
--

ALTER TABLE ONLY public.users_customuser_user_permissions
    ADD CONSTRAINT users_customuser_use_permission_id_baaa2f74_fk_auth_perm FOREIGN KEY (permission_id) REFERENCES public.auth_permission(id) DEFERRABLE INITIALLY DEFERRED;


--
-- TOC entry 4836 (class 2606 OID 16676)
-- Name: users_userprofile users_userprofile_user_id_87251ef1_fk_auth_user_id; Type: FK CONSTRAINT; Schema: public; Owner: postgres
--

ALTER TABLE ONLY public.users_userprofile
    ADD CONSTRAINT users_userprofile_user_id_87251ef1_fk_auth_user_id FOREIGN KEY (user_id) REFERENCES public.auth_user(id) DEFERRABLE INITIALLY DEFERRED;


-- Completed on 2025-04-18 20:42:16

--
-- PostgreSQL database dump complete
--

